map_tile_id,terrain_class,graphics_window_ptr,tilemap_ptr,attributes_ptr,palette_ptr,palette_variant,graphics_window_sha1
00,hq0,4D89,4D53,4D6E,4E59,0000,7e39e76391c3c345f8210682bb82330aa92012cc
01,hq1,4D89,4D53,4D6E,4E59,0000,7e39e76391c3c345f8210682bb82330aa92012cc
02,city,4ECF,4E99,4EB4,502F,0000,478590b650bb33780a4a774cc4ee86da105ff494
03,city_ruins,50A5,506F,508A,51C5,0000,5ccbca722e0b799a3b4f26e6010f2cdccdead9e1
04,base,523B,5205,5220,533B,0000,840f79a5d863ab085a0993d96ff0106f29384b5d
05,base_ruins,53B1,537B,5396,54B1,0000,0db4bf54fa0a14b03f508f14645a3c4929314200
06,airport,5527,54F1,550C,5617,0000,176b817c861a25c694ae145e56df9d485978c593
07,airport_ruins,568D,5657,5672,577D,0000,b3de2b9332439896e3e4e3c5b0331cf3910ec25b
08,runway,57F3,57BD,57D8,58E3,0000,e9c0dbe33caba3f1c158b9ba31d6943f074981ca
09,port,5959,5923,593E,5A59,0000,aa8108f8a63e30b0ac2a02eb940b01b639f5276b
0A,port_ruins,5ACF,5A99,5AB4,5B9F,0000,4fdfd13834cc1601e87d71c1340eb0f5e7dac591
0B,com_tower,5C15,5BDF,5BFA,5D05,0000,18fc955f00204f721d98cd5c43063f0b27d73413
0C,hq1,4D89,4D53,4D6E,4E59,0002,7e39e76391c3c345f8210682bb82330aa92012cc
0D,city,4ECF,4E99,4EB4,502F,0002,478590b650bb33780a4a774cc4ee86da105ff494
0E,city_ruins,50A5,506F,508A,51C5,0002,5ccbca722e0b799a3b4f26e6010f2cdccdead9e1
0F,base,523B,5205,5220,533B,0002,840f79a5d863ab085a0993d96ff0106f29384b5d
10,base_ruins,53B1,537B,5396,54B1,0002,0db4bf54fa0a14b03f508f14645a3c4929314200
11,airport,5527,54F1,550C,5617,0002,176b817c861a25c694ae145e56df9d485978c593
12,airport_ruins,568D,5657,5672,577D,0002,b3de2b9332439896e3e4e3c5b0331cf3910ec25b
13,runway,57F3,57BD,57D8,58E3,0002,e9c0dbe33caba3f1c158b9ba31d6943f074981ca
14,port,5959,5923,593E,5A59,0002,aa8108f8a63e30b0ac2a02eb940b01b639f5276b
15,port_ruins,5ACF,5A99,5AB4,5B9F,0002,4fdfd13834cc1601e87d71c1340eb0f5e7dac591
16,com_tower,5C15,5BDF,5BFA,5D05,0002,18fc955f00204f721d98cd5c43063f0b27d73413
17,city,4ECF,4E99,4EB4,502F,0004,478590b650bb33780a4a774cc4ee86da105ff494
18,city_ruins,50A5,506F,508A,51C5,0004,5ccbca722e0b799a3b4f26e6010f2cdccdead9e1
19,base,523B,5205,5220,533B,0004,840f79a5d863ab085a0993d96ff0106f29384b5d
1A,base_ruins,53B1,537B,5396,54B1,0004,0db4bf54fa0a14b03f508f14645a3c4929314200
1B,airport,5527,54F1,550C,5617,0004,176b817c861a25c694ae145e56df9d485978c593
1C,airport_ruins,568D,5657,5672,577D,0004,b3de2b9332439896e3e4e3c5b0331cf3910ec25b
1D,port,5959,5923,593E,5A59,0004,aa8108f8a63e30b0ac2a02eb940b01b639f5276b
1E,port_ruins,5ACF,5A99,5AB4,5B9F,0004,4fdfd13834cc1601e87d71c1340eb0f5e7dac591
1F,com_tower,5C15,5BDF,5BFA,5D05,0004,18fc955f00204f721d98cd5c43063f0b27d73413
20,plain,5D7B,5D45,5D60,5E0B,0000,bfb0e0cc31973afe46c2ed0f806d264ac67329b6
21,road,5E81,5E4B,5E66,5F11,0000,4e2994a1221e55c7b67c1cd636977b40c3a76648
22,bridge1,5F87,5F51,5F6C,6027,0000,755bffb335df2cb888aec5543d747720622134bc
23,bridge2,609D,6067,6082,613D,0000,fd468a56fe24d6c55d744942372b52869779b238
24,mountain,61B3,617D,6198,62A3,0000,e8b4b31e2a7211c8e3fa87a56e3e26d9de99c751
25,wood,6319,62E3,62FE,63F9,0000,4a9ceea5450060c7281bd939d6269be987db90de
26,wasteland,646F,6439,6454,64FF,0000,b88ec05431dfc8d829c5bf8839db3d3e2509b4e6
27,desert,6575,653F,655A,6635,0000,fc4d1a9f3da16b6719228333204dd5a107f60f57
28,river,66AB,6675,6690,670B,0000,94a6e62d9e7501727b67d215a7a374189754eb02
29,sea,6781,674B,6766,6831,0000,87a9e11c83631cbf4213a88b25efc7b3a20179e2
2A,shoal,68A7,6871,688C,6907,0000,45b6e22877c8e067e747792926cb088bfaf2891f
2B,sea,6781,674B,6766,6831,0000,87a9e11c83631cbf4213a88b25efc7b3a20179e2
2C,sea,6781,674B,6766,6831,0000,87a9e11c83631cbf4213a88b25efc7b3a20179e2
2D,sea,6781,674B,6766,6831,0000,87a9e11c83631cbf4213a88b25efc7b3a20179e2
2E,sea,6781,674B,6766,6831,0000,87a9e11c83631cbf4213a88b25efc7b3a20179e2
2F,sea,6781,674B,6766,6831,0000,87a9e11c83631cbf4213a88b25efc7b3a20179e2
30,sea,6781,674B,6766,6831,0000,87a9e11c83631cbf4213a88b25efc7b3a20179e2
31,sea,6781,674B,6766,6831,0000,87a9e11c83631cbf4213a88b25efc7b3a20179e2
32,base,697D,6947,6962,6A1D,0000,6bb0f2d6d83ab4057c7f320d40742802db4b9038
33,city_ruins,6A93,6A5D,6A78,6B73,0000,4ab75a7cf0813b89cfe99eeb93312584e4050755
