index,address,frame_count,size_bytes,sha1,frames_metasprite_duration
0,7000,1,5,c3e8cff919fe2ae17997cc627eb1a2b786ff2076,6F03:1
1,7005,1,5,81ffe6516c3ceb01f8002a15e1816c0925af0191,6F08:1
2,700A,1,5,2c5b446debee33a129dd1d0cc524b34656a86210,6F0D:1
3,700F,1,5,3c5b67f021368d1920921da5908afbd2db947fbd,6F12:1
4,7014,1,5,cadb7e6015241c453df81eadb317ca614500a410,6F17:1
5,7019,1,5,6021e0dce7bf5c9fe7374fe6faddba1d19ddf9bb,6F1C:1
6,701E,1,5,043d46fb5d1b2aa34c8431553c490afb1c70cab7,6F21:1
7,7023,1,5,a23a89bfbfdd60b579de16692448d4d7a803607c,6F26:1
8,7028,1,5,2631fcf28d5dfa2206bce9907ab738bc6b79b31f,6F2B:1
9,702D,1,5,2ab65d8b55c0203e54fe43112f633abfd590d890,6F30:1
10,7032,1,5,9d7fe85334d655f92461b29749713193de43a769,6F35:1
11,7037,1,5,95d567ae72923726a622fb122d700976c5c1db85,6F3A:1
12,703C,1,5,48d6ddcc74608ae08b83dd0f2e888f0490b94998,6F3F:1
13,7041,1,5,8873506d5f22b7752ca6e8ba7b9915ebe323ac80,6F44:1
14,7046,1,5,6326ea0242f95d9d0f8b1e60c096974e276d7ddf,6F49:1
15,704B,1,5,c45f1d04019aded57c0d01e33d25a362b444447c,6F4E:1
16,7050,1,5,70d1cce4fbff5c1e7d82db394da87e81ed7d1cca,6F53:1
17,7055,1,5,5dfa042931bed8c6e667d78294312dfcf4fb48e1,6F80:1
18,705A,1,5,428948a9158950665f19f834401f92289fb78fdd,6F85:1
19,705F,1,5,31052eb2c4834c9f842e83603e376e2de2bb42e1,6FDD:1
20,7064,1,5,37bb2ae8e6514e2baa3adbbe133975d7ac37c04e,6FE2:1
21,7069,1,5,24076b88555a3ee33119078e73ab19cf38bcfec7,6F9E:1
22,706E,1,5,dd0bffefaf945b9e4070031c4ae5969e383d192e,6FA3:1
23,7073,1,5,98c0b0fc6eb534278a4bf8bf74376bc8926ab769,6F58:1
24,7078,1,5,e58933ef8ba37ee9e184b379d3084254f8a13f52,6F5D:1
25,707D,1,5,b14d56b416cb12ca71b0187f4cc7200db058cc30,6F62:1
26,7082,1,5,1e2bea28b9975c3cd18c1baa86c829c192314407,6F67:1
27,7087,1,5,7f7fad5629ace7a5eb965e1d2eee075c451d8c04,6F6C:1
28,708C,1,5,db318945575463e8885fc5cf97f1ea5743763969,6F71:1
29,7091,1,5,d175c57714f54d913896b62c6ad7cf2be010ebc7,6F76:1
30,7096,1,5,0fb3f133dce4ea4eeeacf1d411909d89594b7239,6F7B:1
31,709B,1,5,214ad631357e76c408631fd6de4807bea9af059f,6F8A:1
32,70A0,1,5,1de1bdfb809483a24592791f016b9e1092eaa825,6F8F:1
33,70A5,1,5,935b575ff87b5c399b46e7ae30f4f739266e6f22,6F94:1
34,70AA,1,5,4798478acc182b33f634a0b04ace341c287f39e1,6F99:1
35,70AF,1,5,b5ccff87dc8c90ddc52bad03e4f8f95bea5e408d,6FD4:1
36,70B4,1,5,92df814d927104ef6a6864b89cef1be5691281db,6FA8:1
37,70B9,1,5,13065699457bfc63d06843cdbf94299c7fb313dd,6FB1:1
38,70BE,1,5,af71a98e10d73395050ba6d9e18e4b02b0a5393f,6FBA:1
39,70C3,1,5,1c47a2aecc19f45917f1badf9e8bf4b6bfdc2871,6FC7:1
40,70C8,3,11,64225357dd90069c7dc722531029daf6b9b30bf2,6FE7:6 6FEC:5 6FF1:4
41,70D3,1,5,da5c5b33a4a0e9b65b486d808c1a75e39b40b503,6FF6:1
42,70D8,1,5,513d1970dc55216c3dfaf74176d3f1e45a9cc7e3,6FFB:1
