row,side,subvariant,slot0_animation_ptr,slot1_animation_ptr
00,0,0,7000,7000
00,0,1,7000,7000
00,0,2,7000,7000
00,1,0,7000,7000
00,1,1,7000,7000
00,1,2,7000,7000
01,0,0,7000,7000
01,0,1,7000,7000
01,0,2,7000,7000
01,1,0,7000,7000
01,1,1,7000,7000
01,1,2,7000,7000
02,0,0,7000,7000
02,0,1,7005,7005
02,0,2,7000,7000
02,1,0,7000,7000
02,1,1,700A,700A
02,1,2,7005,7005
03,0,0,7000,7000
03,0,1,7005,7005
03,0,2,700A,700A
03,1,0,7000,7000
03,1,1,700A,700A
03,1,2,7005,7005
04,0,0,700F,700F
04,0,1,7019,7019
04,0,2,701E,701E
04,1,0,7014,7014
04,1,1,701E,701E
04,1,2,7019,7019
05,0,0,7023,7023
05,0,1,702D,702D
05,0,2,7032,7032
05,1,0,7028,7028
05,1,1,7032,7032
05,1,2,702D,702D
06,0,0,7073,7073
06,0,1,707D,707D
06,0,2,70D3,70D3
06,1,0,7078,7078
06,1,1,7082,7082
06,1,2,70D8,70D8
07,0,0,7087,7087
07,0,1,7091,7091
07,0,2,7000,7000
07,1,0,708C,708C
07,1,1,7096,7096
07,1,2,7000,7000
08,0,0,709B,70A5
08,0,1,7000,7000
08,0,2,7000,7000
08,1,0,70A0,70AA
08,1,1,7000,7000
08,1,2,7000,7000
09,0,0,705F,705F
09,0,1,7000,7000
09,0,2,7000,7000
09,1,0,7064,7064
09,1,1,7000,7000
09,1,2,7000,7000
0A,0,0,7069,7069
0A,0,1,7000,7000
0A,0,2,7000,7000
0A,1,0,706E,706E
0A,1,1,7000,7000
0A,1,2,7000,7000
0B,0,0,7069,7069
0B,0,1,7000,7000
0B,0,2,7000,7000
0B,1,0,706E,706E
0B,1,1,7000,7000
0B,1,2,7000,7000
0C,0,0,709B,70A5
0C,0,1,7000,7000
0C,0,2,7000,7000
0C,1,0,70A0,70AA
0C,1,1,7000,7000
0C,1,2,7000,7000
0D,0,0,709B,70A5
0D,0,1,7000,7000
0D,0,2,7000,7000
0D,1,0,70A0,70AA
0D,1,1,7000,7000
0D,1,2,7000,7000
0E,0,0,7041,704B
0E,0,1,7000,7000
0E,0,2,7000,7000
0E,1,0,7046,7050
0E,1,1,7000,7000
0E,1,2,7000,7000
0F,0,0,7041,704B
0F,0,1,7000,7000
0F,0,2,7000,7000
0F,1,0,7046,7050
0F,1,1,7000,7000
0F,1,2,7000,7000
10,0,0,7037,7037
10,0,1,7000,7000
10,0,2,7000,7000
10,1,0,703C,703C
10,1,1,7000,7000
10,1,2,7000,7000
11,0,0,7037,7037
11,0,1,7000,7000
11,0,2,704B,704B
11,1,0,703C,703C
11,1,1,7000,7000
11,1,2,7050,7050
12,0,0,7000,7000
12,0,1,7000,7000
12,0,2,70AF,70AF
12,1,0,7000,7000
12,1,1,7000,7000
12,1,2,70AF,70AF
13,0,0,7000,7000
13,0,1,7000,7000
13,0,2,7000,7000
13,1,0,7000,7000
13,1,1,7000,7000
13,1,2,7000,7000
14,0,0,7000,7000
14,0,1,7000,7000
14,0,2,7000,7000
14,1,0,7000,7000
14,1,1,7000,7000
14,1,2,7000,7000
15,0,0,7000,7000
15,0,1,70BE,70BE
15,0,2,7000,7000
15,1,0,7000,7000
15,1,1,70C3,70C3
15,1,2,7000,7000
16,0,0,7000,7000
16,0,1,70BE,70BE
16,0,2,7000,7000
16,1,0,7000,7000
16,1,1,70C3,70C3
16,1,2,7000,7000
17,0,0,7000,7000
17,0,1,70BE,70BE
17,0,2,7000,7000
17,1,0,7000,7000
17,1,1,70C3,70C3
17,1,2,7000,7000
18,0,0,70B4,70B4
18,0,1,7000,7000
18,0,2,7000,7000
18,1,0,70B9,70B9
18,1,1,7000,7000
18,1,2,7000,7000
19,0,0,70B4,70B4
19,0,1,7000,7000
19,0,2,7000,7000
19,1,0,70B9,70B9
19,1,1,7000,7000
19,1,2,7000,7000
1A,0,0,70B4,70B4
1A,0,1,7000,7000
1A,0,2,7000,7000
1A,1,0,70B9,70B9
1A,1,1,7000,7000
1A,1,2,7000,7000
1B,0,0,70BE,70B4
1B,0,1,7000,7000
1B,0,2,7000,7000
1B,1,0,70C3,70B9
1B,1,1,7000,7000
1B,1,2,7000,7000
1C,0,0,7055,7055
1C,0,1,7000,7000
1C,0,2,7055,7055
1C,1,0,705A,705A
1C,1,1,7000,7000
1C,1,2,705A,705A
1D,0,0,7055,7055
1D,0,1,7000,7000
1D,0,2,7055,7055
1D,1,0,705A,705A
1D,1,1,7000,7000
1D,1,2,705A,705A
1E,0,0,7000,7000
1E,0,1,7000,7000
1E,0,2,7000,7000
1E,1,0,7000,7000
1E,1,1,7000,7000
1E,1,2,7000,7000
1F,0,0,7000,7000
1F,0,1,7000,7000
1F,0,2,7000,7000
1F,1,0,7000,7000
1F,1,1,7000,7000
1F,1,2,7000,7000
20,0,0,7000,7000
20,0,1,7000,7000
20,0,2,704B,704B
20,1,0,7000,7000
20,1,1,7000,7000
20,1,2,7050,7050
