address,entry_count,size_bytes,sha1,entries_x_y_tile_attr
6F03,1,5,8556d9fa659f8ce375e35ab536e23bf1afc95471,FC:FC:00:00
6F08,1,5,0ee80b25ff012b0d79e1f136528f043c2310be40,FC:FC:01:00
6F0D,1,5,0fbe27b7d958353e87297041c5dbb8fe916b5f35,FC:FC:01:20
6F12,1,5,f456f5e0f1f42b5cad8c0fc2b38f33ca76e166e9,FC:FC:02:00
6F17,1,5,d48aab52fef34c928159e530c328ae1035ff7b00,FC:FC:02:20
6F1C,1,5,6577295207987f46df5e0463b9bd93550a7d3c99,FC:FC:03:00
6F21,1,5,927f99953e3e6fb065e32e5fa8485ef8c1a6c9e1,FC:FC:03:20
6F26,1,5,a2dbb669a9ee89d9f219d5ea2440792dd504e575,FC:FB:04:00
6F2B,1,5,6f7d238a04fbb2e8d50534ce532ffdc04b731f36,FC:FD:04:20
6F30,1,5,908e02a6a61e41b36b5d3de9bca0fc935f3a479e,FC:FC:05:00
6F35,1,5,980a8bbcf60574e43797259acc09f042031c02e1,FC:FC:05:20
6F3A,1,5,fc57f996c6f8d59d56df7b984d1f69a88589d0f8,FC:FC:0D:00
6F3F,1,5,f97e1eac84d591c48e52ddaa9a61b23eea4e1ae7,FC:FC:0D:20
6F44,1,5,a310816a977777973cf728b386450e61e3404110,FC:FC:0E:00
6F49,1,5,25059c0517be3edf0869f467f2566cc6550d4335,FC:FC:0E:20
6F4E,1,5,6f36a918658a374406bffeffef75369d8e32eac6,FC:FC:0E:40
6F53,1,5,5edc33720cf54b11018e2e0348a916eb5f7e79ef,FC:FC:0E:60
6F58,1,5,04e3f261f93687256c6bc2ec7dd9fd651e345894,FC:FC:06:00
6F5D,1,5,3c4e8d69d97386c3e491f37c476c78908b874d9b,FC:FC:06:20
6F62,1,5,97c1f6e0cc9adcfd96ef24a4f35add4484dfecc6,FC:FC:07:00
6F67,1,5,c14c210e9851d6cbe7268679e02b003b88c11da3,FC:FC:07:20
6F6C,1,5,d49b1c44e43c89dde3b31e4a878574a5b5be05fd,FC:FC:08:00
6F71,1,5,6b88f8d7e705e93fd166343218b23ad7fe9ced3f,FC:FC:08:20
6F76,1,5,d9e2d2d1759b9f45255101c261bb4563a3df0408,FC:FC:09:00
6F7B,1,5,db84a3dc29e4e2cf80ca6778f883f223d4e4da12,FC:FC:09:20
6F80,1,5,ce94ab60e28535e09bd1666280a23af3a33ddb5e,FC:FC:16:00
6F85,1,5,1b95ea810449a9f328633c6160c9456380870547,FC:FC:16:20
6F8A,1,5,2e72ee2996fa1fe6016b678de0c02f0519214532,FC:FC:0C:00
6F8F,1,5,5af7aba2f57565b8ffaeba67c42848fe308e3539,FC:FC:0C:20
6F94,1,5,27bb3d2656d898035e385d47c6aabebc334830ae,FC:FC:0C:40
6F99,1,5,68b31305788e128d2060a216dd0abfbf4eddc2fb,FC:FC:0C:60
6F9E,1,5,940eaa1973c3c324aa81bb6d9e40e450ac711fd9,FC:FC:0B:00
6FA3,1,5,2f144fca62ddc7611d671a73e563682faf8d702b,FC:FC:0B:20
6FA8,2,9,859ccf61fbcca8dedfbeda13fc1eccd8620715fc,FC:00:12:00 FC:F8:11:00
6FB1,2,9,305b32c5e115fe8ecc42a54505498a6f82dde08e,FC:F8:12:20 FC:00:11:20
6FBA,3,13,dbba45b35f98ab2cbd8174c85ec4304c4a3f0583,00:F8:15:00 F8:00:14:00 F8:F8:13:00
6FC7,3,13,e66bc90a3940a587fde2f682d94b213a5c416267,00:00:15:20 F8:F8:14:20 F8:00:13:20
6FD4,2,9,1588289143bbbf1e68edc157cfe4b08c90eabb63,00:FC:10:00 F8:FC:0F:00
6FDD,1,5,2b4f5aad164c0ab84a644fbf73c4e2b2cf6cccdf,FC:FC:0A:00
6FE2,1,5,bd63fb28f31f4a5faa5ac3c0fa25b4bb9bb78b98,FC:FC:0A:20
6FE7,1,5,3af0001dff3da9180107f96cfeece2ed22215830,FC:FC:17:00
6FEC,1,5,d01ac926a9d60cb285b8d94461c34aabd9cf7fe9,FC:FC:18:00
6FF1,1,5,6a6f4536189d906e43409712cbe4324769403aff,FC:FC:19:00
6FF6,1,5,50f208092f6f05b80720e2a5076a1a0515c4a43c,FC:FC:07:40
6FFB,1,5,498f875a2934b95e490b384b8d0c9ddc2b13779b,FC:FC:07:60
