source_pointer,window_end,next_source_pointer,new_physical_bytes_before_next_anchor,overlap_bytes_into_next_window
4D89,4EE8,4ECF,326,26
4ECF,502E,50A5,470,0
50A5,5204,523B,406,0
523B,539A,53B1,374,0
53B1,5510,5527,374,0
5527,5686,568D,358,0
568D,57EC,57F3,358,0
57F3,5952,5959,358,0
5959,5AB8,5ACF,374,0
5ACF,5C2E,5C15,326,26
5C15,5D74,5D7B,358,0
5D7B,5EDA,5E81,262,90
5E81,5FE0,5F87,262,90
5F87,60E6,609D,278,74
609D,61FC,61B3,278,74
61B3,6312,6319,358,0
6319,6478,646F,342,10
646F,65CE,6575,262,90
6575,66D4,66AB,310,42
66AB,680A,6781,214,138
6781,68E0,68A7,294,58
68A7,6A06,697D,214,138
697D,6ADC,6A93,278,74
6A93,6BF2,,352,0
