unit_type,name,encoded_type_side_side0,side0_metatile_id,encoded_type_side_side1,side1_metatile_id
0,empty,0x00,0x34,0x01,0x35
1,infantry,0x02,0x36,0x03,0x37
2,missile_infantry,0x04,0x38,0x05,0x39
3,mercenary_infantry,0x06,0x3A,0x07,0x3B
4,construction_truck,0x08,0x3C,0x09,0x3D
5,supply_truck,0x0A,0x3E,0x0B,0x3F
6,supply_truck_s,0x0C,0x40,0x0D,0x41
7,transport_truck,0x0E,0x42,0x0F,0x43
8,transport_truck_s,0x10,0x44,0x11,0x45
9,combat_buggy,0x12,0x46,0x13,0x47
10,combat_buggy_s,0x14,0x48,0x15,0x49
11,combat_vehicle,0x16,0x4A,0x17,0x4B
12,combat_vehicle_s,0x18,0x4C,0x19,0x4D
13,apc,0x1A,0x4E,0x1B,0x4F
14,apc_s,0x1C,0x50,0x1D,0x51
15,rocket_launcher,0x1E,0x52,0x1F,0x53
16,rocket_launcher_s,0x20,0x54,0x21,0x55
17,anti_air_tank,0x22,0x56,0x23,0x57
18,mercenary_anti_air_missiles,0x24,0x58,0x25,0x59
19,anti_air_missiles,0x26,0x5A,0x27,0x5B
20,anti_air_missiles_s,0x28,0x5C,0x29,0x5D
21,artillery,0x2A,0x5E,0x2B,0x5F
22,artillery_s,0x2C,0x60,0x2D,0x61
23,ifv,0x2E,0x62,0x2F,0x63
24,ifv_s,0x30,0x64,0x31,0x65
25,tank_destroyer,0x32,0x66,0x33,0x67
26,tank_destroyer_s,0x34,0x68,0x35,0x69
27,tank,0x36,0x6A,0x37,0x6B
28,mercenary_tank,0x38,0x6C,0x39,0x6D
29,fighter_plane_a,0x3A,0x6E,0x3B,0x6F
30,fighter_plane_b,0x3C,0x70,0x3D,0x71
31,fighter_plane_s,0x3E,0x72,0x3F,0x73
32,attack_plane_a,0x40,0x74,0x41,0x75
33,attack_plane_b,0x42,0x76,0x43,0x77
34,attack_plane_s,0x44,0x78,0x45,0x79
35,bomber,0x46,0x7A,0x47,0x7B
36,mercenary_bomber,0x48,0x7C,0x49,0x7D
37,transport_plane,0x4A,0x7E,0x4B,0x7F
38,refueling_plane,0x4C,0x80,0x4D,0x81
39,battle_helicopter,0x4E,0x82,0x4F,0x83
40,battle_helicopter_s,0x50,0x84,0x51,0x85
41,anti_sub_helicopter,0x52,0x86,0x53,0x87
42,transport_helicopter,0x54,0x88,0x55,0x89
43,transport_helicopter_s,0x56,0x8A,0x57,0x8B
44,aegis_warship,0x58,0x8C,0x59,0x8D
45,mercenary_missile_frigate,0x5A,0x8E,0x5B,0x8F
46,large_carrier,0x5C,0x90,0x5D,0x91
47,small_carrier,0x5E,0x92,0x5F,0x93
48,transport_ship,0x60,0x94,0x61,0x95
49,supply_tanker,0x62,0x96,0x63,0x97
50,submarine,0x64,0x98,0x65,0x99
51,submarine_s,0x66,0x9A,0x67,0x9B
52,dummy,0x68,0x9C,0x69,0x9D
