segment,start,end,size,filename,sha1
0,4D89,502E,678,00_4d89_502e.bin,e3908da23cd886e82d860724317366699655b56b
1,50A5,5204,352,01_50a5_5204.bin,5ccbca722e0b799a3b4f26e6010f2cdccdead9e1
2,523B,539A,352,02_523b_539a.bin,840f79a5d863ab085a0993d96ff0106f29384b5d
3,53B1,5510,352,03_53b1_5510.bin,0db4bf54fa0a14b03f508f14645a3c4929314200
4,5527,5686,352,04_5527_5686.bin,176b817c861a25c694ae145e56df9d485978c593
5,568D,57EC,352,05_568d_57ec.bin,b3de2b9332439896e3e4e3c5b0331cf3910ec25b
6,57F3,5952,352,06_57f3_5952.bin,e9c0dbe33caba3f1c158b9ba31d6943f074981ca
7,5959,5AB8,352,07_5959_5ab8.bin,aa8108f8a63e30b0ac2a02eb940b01b639f5276b
8,5ACF,5D74,678,08_5acf_5d74.bin,1151f37f1f20917f747be9639d8d9edae67a8b30
9,5D7B,6312,1432,09_5d7b_6312.bin,a23b78a409ae41f3a0da8bfc0432bfc41b509144
10,6319,6BF2,2266,10_6319_6bf2.bin,acf13234379ca2aea09d0b46369c26cad1138d2f
