map_tile,graphics,layout,attributes,palette,palette_variant
00,4D89,4D53,4D6E,4E59,0000
01,4D89,4D53,4D6E,4E59,0000
02,4ECF,4E99,4EB4,502F,0000
03,50A5,506F,508A,51C5,0000
04,523B,5205,5220,533B,0000
05,53B1,537B,5396,54B1,0000
06,5527,54F1,550C,5617,0000
07,568D,5657,5672,577D,0000
08,57F3,57BD,57D8,58E3,0000
09,5959,5923,593E,5A59,0000
0A,5ACF,5A99,5AB4,5B9F,0000
0B,5C15,5BDF,5BFA,5D05,0000
0C,4D89,4D53,4D6E,4E59,0002
0D,4ECF,4E99,4EB4,502F,0002
0E,50A5,506F,508A,51C5,0002
0F,523B,5205,5220,533B,0002
10,53B1,537B,5396,54B1,0002
11,5527,54F1,550C,5617,0002
12,568D,5657,5672,577D,0002
13,57F3,57BD,57D8,58E3,0002
14,5959,5923,593E,5A59,0002
15,5ACF,5A99,5AB4,5B9F,0002
16,5C15,5BDF,5BFA,5D05,0002
17,4ECF,4E99,4EB4,502F,0004
18,50A5,506F,508A,51C5,0004
19,523B,5205,5220,533B,0004
1A,53B1,537B,5396,54B1,0004
1B,5527,54F1,550C,5617,0004
1C,568D,5657,5672,577D,0004
1D,5959,5923,593E,5A59,0004
1E,5ACF,5A99,5AB4,5B9F,0004
1F,5C15,5BDF,5BFA,5D05,0004
20,5D7B,5D45,5D60,5E0B,0000
21,5E81,5E4B,5E66,5F11,0000
22,5F87,5F51,5F6C,6027,0000
23,609D,6067,6082,613D,0000
24,61B3,617D,6198,62A3,0000
25,6319,62E3,62FE,63F9,0000
26,646F,6439,6454,64FF,0000
27,6575,653F,655A,6635,0000
28,66AB,6675,6690,670B,0000
29,6781,674B,6766,6831,0000
2A,68A7,6871,688C,6907,0000
2B,6781,674B,6766,6831,0000
2C,6781,674B,6766,6831,0000
2D,6781,674B,6766,6831,0000
2E,6781,674B,6766,6831,0000
2F,6781,674B,6766,6831,0000
30,6781,674B,6766,6831,0000
31,6781,674B,6766,6831,0000
32,697D,6947,6962,6A1D,0000
33,6A93,6A5D,6A78,6B73,0000
