role,pointer,size,file,sha1
layout,4D53,27,layout_4d53.bin,a00ef7728fc92300d7773baa5fd5edaec8d97c9f
layout,4E99,27,layout_4e99.bin,0fa8c31b54d97fa232484b7052bc30638a72dbef
layout,506F,27,layout_506f.bin,a249276721f997378db39c2b62deaecc098dd45b
layout,5205,27,layout_5205.bin,4472aa7496db3daef7164315e5aa6170f847ed35
layout,537B,27,layout_537b.bin,8bbc46e63742820850f5c9fea17a7abbc8410c85
layout,54F1,27,layout_54f1.bin,657a873ead112fcbfa6d83d10a95bb75015d7f47
layout,5657,27,layout_5657.bin,632fae25e2b87ab339838c838f152f1a02f913d1
layout,57BD,27,layout_57bd.bin,9c0b5d5da9e5590d6c11be1c0a85ad3bb42e641a
layout,5923,27,layout_5923.bin,3116e30a4ae1ee3aced12a7a2c060fabeb8c2c08
layout,5A99,27,layout_5a99.bin,3584ef32714c47a1da6cca7163fbaf7a1deece70
layout,5BDF,27,layout_5bdf.bin,f090b05e278db938d3ea6b0213902e3c660239f4
layout,5D45,27,layout_5d45.bin,07c77611c59b51268b39599a8583cab1f790b701
layout,5E4B,27,layout_5e4b.bin,c35be17688cb7d39202bf2f7c10fb4e2eecac7c2
layout,5F51,27,layout_5f51.bin,3e2d7b8a0e5941a3aed7cc574ed4afd8a231c96a
layout,6067,27,layout_6067.bin,3e2d7b8a0e5941a3aed7cc574ed4afd8a231c96a
layout,617D,27,layout_617d.bin,e6491d8dfea08a08cc3b71c9b42b8870e9a7045b
layout,62E3,27,layout_62e3.bin,4350fdbad29e3ff2416152fc8624cbdc72f6e306
layout,6439,27,layout_6439.bin,a4792a8d9472d039b1d7ad7e9eb91dab131fb0cd
layout,653F,27,layout_653f.bin,f4c3eae08b29f08e9955133cd34eda8b70792da0
layout,6675,27,layout_6675.bin,ccd65643f11e77f10282f86db74faafc176d9f75
layout,674B,27,layout_674b.bin,f4dd24b338bddd1689299d4649252655688dee8e
layout,6871,27,layout_6871.bin,ccd65643f11e77f10282f86db74faafc176d9f75
layout,6947,27,layout_6947.bin,e7272b17453a6925dcfcd3f95147d7045c0e7e16
layout,6A5D,27,layout_6a5d.bin,d11223290f2b2a77288cc3d49f33c186720f9368
attributes,4D6E,27,attributes_4d6e.bin,0d2adbe1e5279d82b49cb1a3b87f03bbaf444255
attributes,4EB4,27,attributes_4eb4.bin,b0679bb03ce9e9a6eabb55e8e44e23a5e7916965
attributes,508A,27,attributes_508a.bin,67a75c2de8bdfec2c46a16130b235a5c60950b79
attributes,5220,27,attributes_5220.bin,0a0adc07a0ee6cff80c04df4551a3869eb5f79aa
attributes,5396,27,attributes_5396.bin,6f627d466a125abd2e762e40f25d1bfd7616b77b
attributes,550C,27,attributes_550c.bin,2beb4a33d8b0f3af681ca342a0f42f83246effcb
attributes,5672,27,attributes_5672.bin,fdac2ad1d999e88f358c2f4effd8803a782a8dfe
attributes,57D8,27,attributes_57d8.bin,ca0cc94ec5a88cf6b094aee9b59944c3144b6a51
attributes,593E,27,attributes_593e.bin,6f2889bcd615075e69b9f7505de63553c52f89be
attributes,5AB4,27,attributes_5ab4.bin,6f2889bcd615075e69b9f7505de63553c52f89be
attributes,5BFA,27,attributes_5bfa.bin,7cc769229d54c404e942a5e79abaa37a60083ece
attributes,5D60,27,attributes_5d60.bin,3fff7a856d6c1e91d87fd12ab393847aea4bfafc
attributes,5E66,27,attributes_5e66.bin,e59c4bd99a3484d9bec16e73b00412b0a08fbab2
attributes,5F6C,27,attributes_5f6c.bin,8c7e6f4c0ca5ab4130b277901dedc03021217ebb
attributes,6082,27,attributes_6082.bin,8c7e6f4c0ca5ab4130b277901dedc03021217ebb
attributes,6198,27,attributes_6198.bin,5b10ebdb2e3f7243fca98d0e7d0e93e3174952ef
attributes,62FE,27,attributes_62fe.bin,d7f3eac576881a5a0e2c6e3aba71242bce6aca36
attributes,6454,27,attributes_6454.bin,2ff409da12cb7e343f6c966ee389fbb4a76759f6
attributes,655A,27,attributes_655a.bin,8e3bc3fa4b3eba5572b8eadc94daffd5992f1afb
attributes,6690,27,attributes_6690.bin,8e3bc3fa4b3eba5572b8eadc94daffd5992f1afb
attributes,6766,27,attributes_6766.bin,6f2889bcd615075e69b9f7505de63553c52f89be
attributes,688C,27,attributes_688c.bin,8e3bc3fa4b3eba5572b8eadc94daffd5992f1afb
attributes,6962,27,attributes_6962.bin,cbccd66e6e5835955af013ea33d9e7908c5c7792
attributes,6A78,27,attributes_6a78.bin,6ee7103989f9e1b1dc8a6d61793ab57e6ad01904
palette,4E59,64,palette_4e59.bin,bd48201a4041706c373f7d2bf23f980474867561
palette,502F,64,palette_502f.bin,08fd3191051326cd02c5ba68a83860cf7d0c6783
palette,51C5,64,palette_51c5.bin,08fd3191051326cd02c5ba68a83860cf7d0c6783
palette,533B,64,palette_533b.bin,08fd3191051326cd02c5ba68a83860cf7d0c6783
palette,54B1,64,palette_54b1.bin,08fd3191051326cd02c5ba68a83860cf7d0c6783
palette,5617,64,palette_5617.bin,08fd3191051326cd02c5ba68a83860cf7d0c6783
palette,577D,64,palette_577d.bin,08fd3191051326cd02c5ba68a83860cf7d0c6783
palette,58E3,64,palette_58e3.bin,e0a58878eda5236ca7e36391d06bd38378e8fcba
palette,5A59,64,palette_5a59.bin,96ada7351d9b3cd3d24ca9272cadf1d59b7002dc
palette,5B9F,64,palette_5b9f.bin,96ada7351d9b3cd3d24ca9272cadf1d59b7002dc
palette,5D05,64,palette_5d05.bin,4510c7eb2a09ed947176716855ad0b7dbb2f75cf
palette,5E0B,64,palette_5e0b.bin,947081c6d5c4445d77a7ac295fb1f3ac94b72685
palette,5F11,64,palette_5f11.bin,bdcc4f9422359aa3e44b00e5872425221c23ce38
palette,6027,64,palette_6027.bin,bdcc4f9422359aa3e44b00e5872425221c23ce38
palette,613D,64,palette_613d.bin,bdcc4f9422359aa3e44b00e5872425221c23ce38
palette,62A3,64,palette_62a3.bin,083e12182e0d988c8ba003e3048cfb72e05615fd
palette,63F9,64,palette_63f9.bin,2cb9ecf8b7f6cd67006548f1621b8e95034fb869
palette,64FF,64,palette_64ff.bin,083e12182e0d988c8ba003e3048cfb72e05615fd
palette,6635,64,palette_6635.bin,f639104a313f11e966bbac29216e06c6034909e7
palette,670B,64,palette_670b.bin,0254589ba854828dd0ac394110d1808cf9d09a4e
palette,6831,64,palette_6831.bin,d3f206ec9ff2a996647d177c54ec0b191be3bfac
palette,6907,64,palette_6907.bin,187e77fba333ff800c6160bb5f330677ab3f99b3
palette,6A1D,64,palette_6a1d.bin,947081c6d5c4445d77a7ac295fb1f3ac94b72685
palette,6B73,64,palette_6b73.bin,4430e2961f51c290af88118e2dd653ad049ec7a0
