graphics_window_ptr,filename,map_tiles,sha1
4D89,4d89_00_hq0__01_hq1__0C_hq1.png,00:hq0|01:hq1|0C:hq1,7e39e76391c3c345f8210682bb82330aa92012cc
4ECF,4ecf_02_city__0D_city__17_city.png,02:city|0D:city|17:city,478590b650bb33780a4a774cc4ee86da105ff494
50A5,50a5_03_city_ruins__0E_city_ruins__18_city_ruins.png,03:city_ruins|0E:city_ruins|18:city_ruins,5ccbca722e0b799a3b4f26e6010f2cdccdead9e1
523B,523b_04_base__0F_base__19_base.png,04:base|0F:base|19:base,840f79a5d863ab085a0993d96ff0106f29384b5d
53B1,53b1_05_base_ruins__10_base_ruins__1A_base_ruins.png,05:base_ruins|10:base_ruins|1A:base_ruins,0db4bf54fa0a14b03f508f14645a3c4929314200
5527,5527_06_airport__11_airport__1B_airport.png,06:airport|11:airport|1B:airport,176b817c861a25c694ae145e56df9d485978c593
568D,568d_07_airport_ruins__12_airport_ruins__1C_airport_ruins.png,07:airport_ruins|12:airport_ruins|1C:airport_ruins,b3de2b9332439896e3e4e3c5b0331cf3910ec25b
57F3,57f3_08_runway__13_runway.png,08:runway|13:runway,e9c0dbe33caba3f1c158b9ba31d6943f074981ca
5959,5959_09_port__14_port__1D_port.png,09:port|14:port|1D:port,aa8108f8a63e30b0ac2a02eb940b01b639f5276b
5ACF,5acf_0A_port_ruins__15_port_ruins__1E_port_ruins.png,0A:port_ruins|15:port_ruins|1E:port_ruins,4fdfd13834cc1601e87d71c1340eb0f5e7dac591
5C15,5c15_0B_com_tower__16_com_tower__1F_com_tower.png,0B:com_tower|16:com_tower|1F:com_tower,18fc955f00204f721d98cd5c43063f0b27d73413
5D7B,5d7b_20_plain.png,20:plain,bfb0e0cc31973afe46c2ed0f806d264ac67329b6
5E81,5e81_21_road.png,21:road,4e2994a1221e55c7b67c1cd636977b40c3a76648
5F87,5f87_22_bridge1.png,22:bridge1,755bffb335df2cb888aec5543d747720622134bc
609D,609d_23_bridge2.png,23:bridge2,fd468a56fe24d6c55d744942372b52869779b238
61B3,61b3_24_mountain.png,24:mountain,e8b4b31e2a7211c8e3fa87a56e3e26d9de99c751
6319,6319_25_wood.png,25:wood,4a9ceea5450060c7281bd939d6269be987db90de
646F,646f_26_wasteland.png,26:wasteland,b88ec05431dfc8d829c5bf8839db3d3e2509b4e6
6575,6575_27_desert.png,27:desert,fc4d1a9f3da16b6719228333204dd5a107f60f57
66AB,66ab_28_river.png,28:river,94a6e62d9e7501727b67d215a7a374189754eb02
6781,6781_29_sea__2B_sea__2C_sea__2D_sea__2E_sea__2F_sea__30_sea__31_sea.png,29:sea|2B:sea|2C:sea|2D:sea|2E:sea|2F:sea|30:sea|31:sea,87a9e11c83631cbf4213a88b25efc7b3a20179e2
68A7,68a7_2A_shoal.png,2A:shoal,45b6e22877c8e067e747792926cb088bfaf2891f
697D,697d_32_base.png,32:base,6bb0f2d6d83ab4057c7f320d40742802db4b9038
6A93,6a93_33_city_ruins.png,33:city_ruins,4ab75a7cf0813b89cfe99eeb93312584e4050755
