index,unit_type,name,graphics_base,tile_offset,width_tiles,height_tiles
0,0,empty,5561,1,2,2
1,1,infantry,5561,1,2,2
2,2,missile_infantry,5561,5,2,2
3,3,mercenary_infantry,5561,9,3,1
4,4,construction_truck,5561,12,3,2
5,5,supply_truck,5561,18,3,2
6,6,supply_truck_s,5561,24,3,2
7,7,transport_truck,5561,30,3,2
8,8,transport_truck_s,5561,36,3,2
9,9,combat_buggy,5561,42,3,2
10,10,combat_buggy_s,5561,48,3,2
11,11,combat_vehicle,5561,54,3,2
12,12,combat_vehicle_s,5561,60,3,2
13,13,apc,5561,66,3,2
14,14,apc_s,5561,72,3,2
15,15,rocket_launcher,5561,78,3,2
16,16,rocket_launcher_s,5561,84,3,2
17,17,anti_air_tank,5561,90,3,2
18,18,mercenary_anti_air_missiles,5561,96,3,2
19,19,anti_air_missiles,5561,102,3,2
20,20,anti_air_missiles_s,5561,108,3,2
21,21,artillery,5561,114,3,2
22,22,artillery_s,5561,120,3,2
23,23,ifv,5561,126,3,2
24,24,ifv_s,5561,132,3,2
25,25,tank_destroyer,5561,138,3,2
26,26,tank_destroyer_s,5561,144,3,2
27,27,tank,5561,150,3,2
28,28,mercenary_tank,5561,156,3,2
29,29,fighter_plane_a,6e91,1,3,2
30,30,fighter_plane_b,6e91,7,3,2
31,31,fighter_plane_s,6e91,13,3,2
32,32,attack_plane_a,6e91,19,3,2
33,33,attack_plane_b,6e91,25,3,2
34,34,attack_plane_s,6e91,31,3,2
35,35,bomber,6e91,37,8,4
36,36,mercenary_bomber,6e91,69,7,6
37,37,transport_plane,6e91,111,7,4
38,38,refueling_plane,6e91,139,8,4
39,39,battle_helicopter,6e91,171,3,2
40,40,battle_helicopter_s,6e91,177,3,2
41,41,anti_sub_helicopter,6e91,183,3,2
42,42,transport_helicopter,6e91,189,3,2
43,43,transport_helicopter_s,6e91,195,3,2
44,44,aegis_warship,5fc1,1,8,4
45,45,mercenary_missile_frigate,5fc1,33,8,4
46,46,large_carrier,5fc1,65,8,4
47,47,small_carrier,5fc1,97,7,4
48,48,transport_ship,5fc1,125,7,4
49,49,supply_tanker,5fc1,153,8,4
50,50,submarine,5fc1,185,8,3
51,51,submarine_s,5fc1,209,8,3
52,,special_0,7b61,1,3,1
53,,special_1,7b61,7,3,1
54,,special_2,7b61,13,3,1
55,,special_3,7b61,19,3,1
56,,special_4,7b61,25,3,1
