unit_type,name,record_address,record_size
0,empty,4ab0,4
1,infantry,4ab4,48
2,missile_infantry,4ae4,48
3,mercenary_infantry,4b14,48
4,construction_truck,4b44,48
5,supply_truck,4b74,48
6,supply_truck_s,4ba4,48
7,transport_truck,4bd4,48
8,transport_truck_s,4c04,48
9,combat_buggy,4c34,48
10,combat_buggy_s,4c64,48
11,combat_vehicle,4c94,48
12,combat_vehicle_s,4cc4,48
13,apc,4cf4,48
14,apc_s,4d24,48
15,rocket_launcher,4d54,48
16,rocket_launcher_s,4d84,48
17,anti_air_tank,4db4,48
18,mercenary_anti_air_missiles,4de4,48
19,anti_air_missiles,4e14,48
20,anti_air_missiles_s,4e44,48
21,artillery,4e74,48
22,artillery_s,4ea4,48
23,ifv,4ed4,48
24,ifv_s,4f04,48
25,tank_destroyer,4f34,48
26,tank_destroyer_s,4f64,48
27,tank,4f94,48
28,mercenary_tank,4fc4,48
29,fighter_plane_a,4ff4,48
30,fighter_plane_b,5024,48
31,fighter_plane_s,5054,48
32,attack_plane_a,5084,48
33,attack_plane_b,50b4,48
34,attack_plane_s,50e4,48
35,bomber,5114,48
36,mercenary_bomber,5144,48
37,transport_plane,5174,48
38,refueling_plane,51a4,48
39,battle_helicopter,51d4,48
40,battle_helicopter_s,5204,48
41,anti_sub_helicopter,5234,48
42,transport_helicopter,5264,48
43,transport_helicopter_s,5294,48
44,aegis_warship,52c4,48
45,mercenary_missile_frigate,52f4,48
46,large_carrier,5324,48
47,small_carrier,5354,48
48,transport_ship,5384,48
49,supply_tanker,53b4,48
50,submarine,53e4,48
51,submarine_s,5414,48
