variant_selector,pair_palette,color,rgb555,r8,g8,b8
0,0,0,1CE7,57,57,57
0,0,1,626E,115,156,198
0,0,2,1E4C,99,148,57
0,0,3,1DC9,74,115,57
0,1,0,1CE7,57,57,57
0,1,1,626E,115,156,198
0,1,2,77BD,239,239,239
0,1,3,59C6,49,115,181
2,0,0,1CE7,57,57,57
2,0,1,626E,115,156,198
2,0,2,1E4C,99,148,57
2,0,3,1DC9,74,115,57
2,1,0,1CE7,57,57,57
2,1,1,59A6,49,107,181
2,1,2,6A2A,82,140,214
2,1,3,7F0F,123,198,255
4,0,0,1CE7,57,57,57
4,0,1,626E,115,156,198
4,0,2,01F6,181,123,0
4,0,3,0170,132,90,0
4,1,0,1CE7,57,57,57
4,1,1,626E,115,156,198
4,1,2,02C0,0,181,0
4,1,3,0130,132,74,0
6,0,0,1CE7,57,57,57
6,0,1,626E,115,156,198
6,0,2,7C10,132,0,255
6,0,3,7C1F,255,0,255
6,1,0,401F,255,0,132
6,1,1,4210,132,132,132
6,1,2,6318,198,198,198
6,1,3,7FFF,255,255,255
