descriptor_index,unit_type,name,family,graphics_base,tile_offset,width_tiles,height_tiles,tile_count,2bpp,png,build_input
0,0,empty,ground,5561,1,2,2,4,00_empty.2bpp,00_empty.png,no
1,1,infantry,ground,5561,1,2,2,4,01_infantry.2bpp,01_infantry.png,yes
2,2,missile_infantry,ground,5561,5,2,2,4,02_missile_infantry.2bpp,02_missile_infantry.png,yes
3,3,mercenary_infantry,ground,5561,9,3,1,3,03_mercenary_infantry.2bpp,03_mercenary_infantry.png,yes
4,4,construction_truck,ground,5561,12,3,2,6,04_construction_truck.2bpp,04_construction_truck.png,yes
5,5,supply_truck,ground,5561,18,3,2,6,05_supply_truck.2bpp,05_supply_truck.png,yes
6,6,supply_truck_s,ground,5561,24,3,2,6,06_supply_truck_s.2bpp,06_supply_truck_s.png,yes
7,7,transport_truck,ground,5561,30,3,2,6,07_transport_truck.2bpp,07_transport_truck.png,yes
8,8,transport_truck_s,ground,5561,36,3,2,6,08_transport_truck_s.2bpp,08_transport_truck_s.png,yes
9,9,combat_buggy,ground,5561,42,3,2,6,09_combat_buggy.2bpp,09_combat_buggy.png,yes
10,10,combat_buggy_s,ground,5561,48,3,2,6,10_combat_buggy_s.2bpp,10_combat_buggy_s.png,yes
11,11,combat_vehicle,ground,5561,54,3,2,6,11_combat_vehicle.2bpp,11_combat_vehicle.png,yes
12,12,combat_vehicle_s,ground,5561,60,3,2,6,12_combat_vehicle_s.2bpp,12_combat_vehicle_s.png,yes
13,13,apc,ground,5561,66,3,2,6,13_apc.2bpp,13_apc.png,yes
14,14,apc_s,ground,5561,72,3,2,6,14_apc_s.2bpp,14_apc_s.png,yes
15,15,rocket_launcher,ground,5561,78,3,2,6,15_rocket_launcher.2bpp,15_rocket_launcher.png,yes
16,16,rocket_launcher_s,ground,5561,84,3,2,6,16_rocket_launcher_s.2bpp,16_rocket_launcher_s.png,yes
17,17,anti_air_tank,ground,5561,90,3,2,6,17_anti_air_tank.2bpp,17_anti_air_tank.png,yes
18,18,mercenary_anti_air_missiles,ground,5561,96,3,2,6,18_mercenary_anti_air_missiles.2bpp,18_mercenary_anti_air_missiles.png,yes
19,19,anti_air_missiles,ground,5561,102,3,2,6,19_anti_air_missiles.2bpp,19_anti_air_missiles.png,yes
20,20,anti_air_missiles_s,ground,5561,108,3,2,6,20_anti_air_missiles_s.2bpp,20_anti_air_missiles_s.png,yes
21,21,artillery,ground,5561,114,3,2,6,21_artillery.2bpp,21_artillery.png,yes
22,22,artillery_s,ground,5561,120,3,2,6,22_artillery_s.2bpp,22_artillery_s.png,yes
23,23,ifv,ground,5561,126,3,2,6,23_ifv.2bpp,23_ifv.png,yes
24,24,ifv_s,ground,5561,132,3,2,6,24_ifv_s.2bpp,24_ifv_s.png,yes
25,25,tank_destroyer,ground,5561,138,3,2,6,25_tank_destroyer.2bpp,25_tank_destroyer.png,yes
26,26,tank_destroyer_s,ground,5561,144,3,2,6,26_tank_destroyer_s.2bpp,26_tank_destroyer_s.png,yes
27,27,tank,ground,5561,150,3,2,6,27_tank.2bpp,27_tank.png,yes
28,28,mercenary_tank,ground,5561,156,3,2,6,28_mercenary_tank.2bpp,28_mercenary_tank.png,yes
29,29,fighter_plane_a,air,6e91,1,3,2,6,29_fighter_plane_a.2bpp,29_fighter_plane_a.png,yes
30,30,fighter_plane_b,air,6e91,7,3,2,6,30_fighter_plane_b.2bpp,30_fighter_plane_b.png,yes
31,31,fighter_plane_s,air,6e91,13,3,2,6,31_fighter_plane_s.2bpp,31_fighter_plane_s.png,yes
32,32,attack_plane_a,air,6e91,19,3,2,6,32_attack_plane_a.2bpp,32_attack_plane_a.png,yes
33,33,attack_plane_b,air,6e91,25,3,2,6,33_attack_plane_b.2bpp,33_attack_plane_b.png,yes
34,34,attack_plane_s,air,6e91,31,3,2,6,34_attack_plane_s.2bpp,34_attack_plane_s.png,yes
35,35,bomber,air,6e91,37,8,4,32,35_bomber.2bpp,35_bomber.png,yes
36,36,mercenary_bomber,air,6e91,69,7,6,42,36_mercenary_bomber.2bpp,36_mercenary_bomber.png,yes
37,37,transport_plane,air,6e91,111,7,4,28,37_transport_plane.2bpp,37_transport_plane.png,yes
38,38,refueling_plane,air,6e91,139,8,4,32,38_refueling_plane.2bpp,38_refueling_plane.png,yes
39,39,battle_helicopter,air,6e91,171,3,2,6,39_battle_helicopter.2bpp,39_battle_helicopter.png,yes
40,40,battle_helicopter_s,air,6e91,177,3,2,6,40_battle_helicopter_s.2bpp,40_battle_helicopter_s.png,yes
41,41,anti_sub_helicopter,air,6e91,183,3,2,6,41_anti_sub_helicopter.2bpp,41_anti_sub_helicopter.png,yes
42,42,transport_helicopter,air,6e91,189,3,2,6,42_transport_helicopter.2bpp,42_transport_helicopter.png,yes
43,43,transport_helicopter_s,air,6e91,195,3,2,6,43_transport_helicopter_s.2bpp,43_transport_helicopter_s.png,yes
44,44,aegis_warship,sea,5fc1,1,8,4,32,44_aegis_warship.2bpp,44_aegis_warship.png,yes
45,45,mercenary_missile_frigate,sea,5fc1,33,8,4,32,45_mercenary_missile_frigate.2bpp,45_mercenary_missile_frigate.png,yes
46,46,large_carrier,sea,5fc1,65,8,4,32,46_large_carrier.2bpp,46_large_carrier.png,yes
47,47,small_carrier,sea,5fc1,97,7,4,28,47_small_carrier.2bpp,47_small_carrier.png,yes
48,48,transport_ship,sea,5fc1,125,7,4,28,48_transport_ship.2bpp,48_transport_ship.png,yes
49,49,supply_tanker,sea,5fc1,153,8,4,32,49_supply_tanker.2bpp,49_supply_tanker.png,yes
50,50,submarine,sea,5fc1,185,8,3,24,50_submarine.2bpp,50_submarine.png,yes
51,51,submarine_s,sea,5fc1,209,8,3,24,51_submarine_s.2bpp,51_submarine_s.png,yes
52,,special_0,special,7b61,1,3,1,3,52_special_0.2bpp,52_special_0.png,no
53,,special_1,special,7b61,7,3,1,3,53_special_1.2bpp,53_special_1.png,no
54,,special_2,special,7b61,13,3,1,3,54_special_2.2bpp,54_special_2.png,no
55,,special_3,special,7b61,19,3,1,3,55_special_3.2bpp,55_special_3.png,no
56,,special_4,special,7b61,25,3,1,3,56_special_4.2bpp,56_special_4.png,no
