map_tile,name,graphics,layout,attributes,palette,palette_variant,png
00,hq0,4D89,4D53,4D6E,4E59,0000,00_hq0.png
01,hq1,4D89,4D53,4D6E,4E59,0000,01_hq1.png
02,city,4ECF,4E99,4EB4,502F,0000,02_city.png
03,city_ruins,50A5,506F,508A,51C5,0000,03_city_ruins.png
04,base,523B,5205,5220,533B,0000,04_base.png
05,base_ruins,53B1,537B,5396,54B1,0000,05_base_ruins.png
06,airport,5527,54F1,550C,5617,0000,06_airport.png
07,airport_ruins,568D,5657,5672,577D,0000,07_airport_ruins.png
08,runway,57F3,57BD,57D8,58E3,0000,08_runway.png
09,port,5959,5923,593E,5A59,0000,09_port.png
0A,port_ruins,5ACF,5A99,5AB4,5B9F,0000,0a_port_ruins.png
0B,com_tower,5C15,5BDF,5BFA,5D05,0000,0b_com_tower.png
0C,hq1,4D89,4D53,4D6E,4E59,0002,0c_hq1.png
0D,city,4ECF,4E99,4EB4,502F,0002,0d_city.png
0E,city_ruins,50A5,506F,508A,51C5,0002,0e_city_ruins.png
0F,base,523B,5205,5220,533B,0002,0f_base.png
10,base_ruins,53B1,537B,5396,54B1,0002,10_base_ruins.png
11,airport,5527,54F1,550C,5617,0002,11_airport.png
12,airport_ruins,568D,5657,5672,577D,0002,12_airport_ruins.png
13,runway,57F3,57BD,57D8,58E3,0002,13_runway.png
14,port,5959,5923,593E,5A59,0002,14_port.png
15,port_ruins,5ACF,5A99,5AB4,5B9F,0002,15_port_ruins.png
16,com_tower,5C15,5BDF,5BFA,5D05,0002,16_com_tower.png
17,city,4ECF,4E99,4EB4,502F,0004,17_city.png
18,city_ruins,50A5,506F,508A,51C5,0004,18_city_ruins.png
19,base,523B,5205,5220,533B,0004,19_base.png
1A,base_ruins,53B1,537B,5396,54B1,0004,1a_base_ruins.png
1B,airport,5527,54F1,550C,5617,0004,1b_airport.png
1C,airport_ruins,568D,5657,5672,577D,0004,1c_airport_ruins.png
1D,port,5959,5923,593E,5A59,0004,1d_port.png
1E,port_ruins,5ACF,5A99,5AB4,5B9F,0004,1e_port_ruins.png
1F,com_tower,5C15,5BDF,5BFA,5D05,0004,1f_com_tower.png
20,plain,5D7B,5D45,5D60,5E0B,0000,20_plain.png
21,road,5E81,5E4B,5E66,5F11,0000,21_road.png
22,bridge1,5F87,5F51,5F6C,6027,0000,22_bridge1.png
23,bridge2,609D,6067,6082,613D,0000,23_bridge2.png
24,mountain,61B3,617D,6198,62A3,0000,24_mountain.png
25,wood,6319,62E3,62FE,63F9,0000,25_wood.png
26,wasteland,646F,6439,6454,64FF,0000,26_wasteland.png
27,desert,6575,653F,655A,6635,0000,27_desert.png
28,river,66AB,6675,6690,670B,0000,28_river.png
29,sea,6781,674B,6766,6831,0000,29_sea.png
2A,shoal,68A7,6871,688C,6907,0000,2a_shoal.png
2B,sea,6781,674B,6766,6831,0000,2b_sea.png
2C,sea,6781,674B,6766,6831,0000,2c_sea.png
2D,sea,6781,674B,6766,6831,0000,2d_sea.png
2E,sea,6781,674B,6766,6831,0000,2e_sea.png
2F,sea,6781,674B,6766,6831,0000,2f_sea.png
30,sea,6781,674B,6766,6831,0000,30_sea.png
31,sea,6781,674B,6766,6831,0000,31_sea.png
32,base,697D,6947,6962,6A1D,0000,32_base.png
33,city_ruins,6A93,6A5D,6A78,6B73,0000,33_city_ruins.png
